Country Name,Country Code,Indicator Name,Indicator Code,2014
Afghanistan,AFG,"Percentage of graduates from Social Sciences, Business and Law programmes in tertiary education who are female (%)",SE.TER.GRAD.FE.SS.ZS,16.26383018
Afghanistan,AFG,Percentage of graduates from tertiary education who are female (%),SE.TER.GRAD.FE.ZS,18.3055706
Albania,ALB,"Percentage of graduates from Social Sciences, Business and Law programmes in tertiary education who are female (%)",SE.TER.GRAD.FE.SS.ZS,65.98085022
Albania,ALB,"Percentage of graduates from tertiary education graduating from programmes in unspecified fields, both sexes (%)",SE.TER.GRAD.OT.ZS,0
Albania,ALB,Percentage of graduates from tertiary education who are female (%),SE.TER.GRAD.FE.ZS,65.7736969
Algeria,DZA,"Percentage of graduates from Social Sciences, Business and Law programmes in tertiary education who are female (%)",SE.TER.GRAD.FE.SS.ZS,63.82722855
Algeria,DZA,Percentage of graduates from tertiary education who are female (%),SE.TER.GRAD.FE.ZS,63.26968002
Andorra,AND,"Percentage of graduates from Social Sciences, Business and Law programmes in tertiary education who are female (%)",SE.TER.GRAD.FE.SS.ZS,52
Andorra,AND,"Percentage of graduates from tertiary education graduating from programmes in unspecified fields, both sexes (%)",SE.TER.GRAD.OT.ZS,0
Andorra,AND,"Percentage of graduates from tertiary education graduating from Services programmes, both sexes (%)",SE.TER.GRAD.SV.ZS,0
Andorra,AND,Percentage of graduates from tertiary education who are female (%),SE.TER.GRAD.FE.ZS,63.88888931
Argentina,ARG,Percentage of graduates from tertiary education who are female (%),SE.TER.GRAD.FE.ZS,64.86356354
Armenia,ARM,"Percentage of graduates from Social Sciences, Business and Law programmes in tertiary education who are female (%)",SE.TER.GRAD.FE.SS.ZS,52.60715103
Aruba,ABW,"Percentage of graduates from Social Sciences, Business and Law programmes in tertiary education who are female (%)",SE.TER.GRAD.FE.SS.ZS,74.19355011
Aruba,ABW,"Percentage of graduates from tertiary education graduating from Health and Welfare programmes, both sexes (%)",SE.TER.GRAD.HL.ZS,0
Aruba,ABW,"Percentage of graduates from tertiary education graduating from programmes in unspecified fields, both sexes (%)",SE.TER.GRAD.OT.ZS,0
Aruba,ABW,"Percentage of graduates from tertiary education graduating from Services programmes, both sexes (%)",SE.TER.GRAD.SV.ZS,0
Aruba,ABW,Percentage of graduates from tertiary education who are female (%),SE.TER.GRAD.FE.ZS,79.37220001
Australia,AUS,"Percentage of graduates from Social Sciences, Business and Law programmes in tertiary education who are female (%)",SE.TER.GRAD.FE.SS.ZS,56.32526016
Australia,AUS,"Percentage of graduates from tertiary education graduating from Engineering, Manufacturing and Construction programmes, both sexes (%)",SE.TER.GRAD.EN.ZS,4.580719948
Australia,AUS,"Percentage of graduates from tertiary education graduating from Health and Welfare programmes, both sexes (%)",SE.TER.GRAD.HL.ZS,9.305950165
Australia,AUS,"Percentage of graduates from tertiary education graduating from Humanities and Arts programmes, both sexes (%)",SE.TER.GRAD.HU.ZS,10.06449986
Australia,AUS,"Percentage of graduates from tertiary education graduating from programmes in unspecified fields, both sexes (%)",SE.TER.GRAD.OT.ZS,0.183369994
Australia,AUS,"Percentage of graduates from tertiary education graduating from Science programmes, both sexes (%)",SE.TER.GRAD.SC.ZS,36.37561035
Australia,AUS,"Percentage of graduates from tertiary education graduating from Services programmes, both sexes (%)",SE.TER.GRAD.SV.ZS,0.89319998
Australia,AUS,"Percentage of graduates from tertiary education graduating from Social Sciences, Business and Law programmes, both sexes (%)",SE.TER.GRAD.SS.ZS,6.155970097
Australia,AUS,Percentage of graduates from tertiary education who are female (%),SE.TER.GRAD.FE.ZS,57.96089172
Austria,AUT,"Percentage of graduates from Social Sciences, Business and Law programmes in tertiary education who are female (%)",SE.TER.GRAD.FE.SS.ZS,59.63159943
Austria,AUT,"Percentage of graduates from tertiary education graduating from Engineering, Manufacturing and Construction programmes, both sexes (%)",SE.TER.GRAD.EN.ZS,4.946589947
Austria,AUT,"Percentage of graduates from tertiary education graduating from Health and Welfare programmes, both sexes (%)",SE.TER.GRAD.HL.ZS,21.49181938
Austria,AUT,"Percentage of graduates from tertiary education graduating from Humanities and Arts programmes, both sexes (%)",SE.TER.GRAD.HU.ZS,8.674030304
Austria,AUT,"Percentage of graduates from tertiary education graduating from programmes in unspecified fields, both sexes (%)",SE.TER.GRAD.OT.ZS,0.078060001
Austria,AUT,"Percentage of graduates from tertiary education graduating from Science programmes, both sexes (%)",SE.TER.GRAD.SC.ZS,23.59281921
Austria,AUT,"Percentage of graduates from tertiary education graduating from Services programmes, both sexes (%)",SE.TER.GRAD.SV.ZS,1.639260054
Austria,AUT,"Percentage of graduates from tertiary education graduating from Social Sciences, Business and Law programmes, both sexes (%)",SE.TER.GRAD.SS.ZS,8.200909615
Austria,AUT,Percentage of graduates from tertiary education who are female (%),SE.TER.GRAD.FE.ZS,55.45479965
Azerbaijan,AZE,"Percentage of graduates from Social Sciences, Business and Law programmes in tertiary education who are female (%)",SE.TER.GRAD.FE.SS.ZS,38.86368179
Azerbaijan,AZE,Percentage of graduates from tertiary education who are female (%),SE.TER.GRAD.FE.ZS,52.45771027
Bahrain,BHR,"Percentage of graduates from Social Sciences, Business and Law programmes in tertiary education who are female (%)",SE.TER.GRAD.FE.SS.ZS,61.9754715
Bahrain,BHR,"Percentage of graduates from tertiary education graduating from programmes in unspecified fields, both sexes (%)",SE.TER.GRAD.OT.ZS,0
Bahrain,BHR,"Percentage of graduates from tertiary education graduating from Services programmes, both sexes (%)",SE.TER.GRAD.SV.ZS,0
Bahrain,BHR,Percentage of graduates from tertiary education who are female (%),SE.TER.GRAD.FE.ZS,60.77569962
Bangladesh,BGD,"Percentage of graduates from Social Sciences, Business and Law programmes in tertiary education who are female (%)",SE.TER.GRAD.FE.SS.ZS,43.73651123
Bangladesh,BGD,"Percentage of graduates from tertiary education graduating from programmes in unspecified fields, both sexes (%)",SE.TER.GRAD.OT.ZS,0
Bangladesh,BGD,Percentage of graduates from tertiary education who are female (%),SE.TER.GRAD.FE.ZS,41.89030838
Belarus,BLR,"Percentage of graduates from Social Sciences, Business and Law programmes in tertiary education who are female (%)",SE.TER.GRAD.FE.SS.ZS,76.28835297
Belarus,BLR,"Percentage of graduates from tertiary education graduating from programmes in unspecified fields, both sexes (%)",SE.TER.GRAD.OT.ZS,0
Belarus,BLR,Percentage of graduates from tertiary education who are female (%),SE.TER.GRAD.FE.ZS,58.46709824
Belgium,BEL,"Percentage of graduates from tertiary education graduating from Engineering, Manufacturing and Construction programmes, both sexes (%)",SE.TER.GRAD.EN.ZS,3.747020006
Belgium,BEL,"Percentage of graduates from tertiary education graduating from Health and Welfare programmes, both sexes (%)",SE.TER.GRAD.HL.ZS,12.47204018
Belgium,BEL,"Percentage of graduates from tertiary education graduating from Humanities and Arts programmes, both sexes (%)",SE.TER.GRAD.HU.ZS,10.74326992
Belgium,BEL,"Percentage of graduates from tertiary education graduating from programmes in unspecified fields, both sexes (%)",SE.TER.GRAD.OT.ZS,3.296119928
Belgium,BEL,"Percentage of graduates from tertiary education graduating from Science programmes, both sexes (%)",SE.TER.GRAD.SC.ZS,18.2111702
Belgium,BEL,"Percentage of graduates from tertiary education graduating from Services programmes, both sexes (%)",SE.TER.GRAD.SV.ZS,2.311340094
Belgium,BEL,"Percentage of graduates from tertiary education graduating from Social Sciences, Business and Law programmes, both sexes (%)",SE.TER.GRAD.SS.ZS,11.66312027
Belgium,BEL,Percentage of graduates from tertiary education who are female (%),SE.TER.GRAD.FE.ZS,59.80809021
Bermuda,BMU,"Percentage of graduates from Social Sciences, Business and Law programmes in tertiary education who are female (%)",SE.TER.GRAD.FE.SS.ZS,81.63265228
Bermuda,BMU,"Percentage of graduates from tertiary education graduating from Health and Welfare programmes, both sexes (%)",SE.TER.GRAD.HL.ZS,0
Bermuda,BMU,"Percentage of graduates from tertiary education graduating from Services programmes, both sexes (%)",SE.TER.GRAD.SV.ZS,0
Bermuda,BMU,Percentage of graduates from tertiary education who are female (%),SE.TER.GRAD.FE.ZS,78.7233963
Bosnia and Herzegovina,BIH,"Percentage of graduates from Social Sciences, Business and Law programmes in tertiary education who are female (%)",SE.TER.GRAD.FE.SS.ZS,59.899189
Bosnia and Herzegovina,BIH,Percentage of graduates from tertiary education who are female (%),SE.TER.GRAD.FE.ZS,60.05241013
Botswana,BWA,"Percentage of graduates from tertiary education graduating from programmes in unspecified fields, both sexes (%)",SE.TER.GRAD.OT.ZS,0
Brazil,BRA,"Percentage of graduates from Social Sciences, Business and Law programmes in tertiary education who are female (%)",SE.TER.GRAD.FE.SS.ZS,58.63470078
Brazil,BRA,"Percentage of graduates from tertiary education graduating from Engineering, Manufacturing and Construction programmes, both sexes (%)",SE.TER.GRAD.EN.ZS,2.630170107
Brazil,BRA,"Percentage of graduates from tertiary education graduating from Health and Welfare programmes, both sexes (%)",SE.TER.GRAD.HL.ZS,10.1345396
Brazil,BRA,"Percentage of graduates from tertiary education graduating from Humanities and Arts programmes, both sexes (%)",SE.TER.GRAD.HU.ZS,3.306619883
Brazil,BRA,"Percentage of graduates from tertiary education graduating from programmes in unspecified fields, both sexes (%)",SE.TER.GRAD.OT.ZS,0
Brazil,BRA,"Percentage of graduates from tertiary education graduating from Science programmes, both sexes (%)",SE.TER.GRAD.SC.ZS,37.63391876
Brazil,BRA,"Percentage of graduates from tertiary education graduating from Services programmes, both sexes (%)",SE.TER.GRAD.SV.ZS,2.444839954
Brazil,BRA,"Percentage of graduates from tertiary education graduating from Social Sciences, Business and Law programmes, both sexes (%)",SE.TER.GRAD.SS.ZS,4.460070133
Brazil,BRA,Percentage of graduates from tertiary education who are female (%),SE.TER.GRAD.FE.ZS,60.63394928
Brunei Darussalam,BRN,"Percentage of graduates from Social Sciences, Business and Law programmes in tertiary education who are female (%)",SE.TER.GRAD.FE.SS.ZS,64.94381714
Brunei Darussalam,BRN,"Percentage of graduates from tertiary education graduating from Services programmes, both sexes (%)",SE.TER.GRAD.SV.ZS,0
Brunei Darussalam,BRN,Percentage of graduates from tertiary education who are female (%),SE.TER.GRAD.FE.ZS,62.19224167
Bulgaria,BGR,"Percentage of graduates from Social Sciences, Business and Law programmes in tertiary education who are female (%)",SE.TER.GRAD.FE.SS.ZS,65.93113708
Bulgaria,BGR,"Percentage of graduates from tertiary education graduating from Engineering, Manufacturing and Construction programmes, both sexes (%)",SE.TER.GRAD.EN.ZS,2.205990076
Bulgaria,BGR,"Percentage of graduates from tertiary education graduating from Health and Welfare programmes, both sexes (%)",SE.TER.GRAD.HL.ZS,16.0809803
Bulgaria,BGR,"Percentage of graduates from tertiary education graduating from Humanities and Arts programmes, both sexes (%)",SE.TER.GRAD.HU.ZS,6.569039822
Bulgaria,BGR,"Percentage of graduates from tertiary education graduating from programmes in unspecified fields, both sexes (%)",SE.TER.GRAD.OT.ZS,0
Bulgaria,BGR,"Percentage of graduates from tertiary education graduating from Science programmes, both sexes (%)",SE.TER.GRAD.SC.ZS,33.47008896
Bulgaria,BGR,"Percentage of graduates from tertiary education graduating from Services programmes, both sexes (%)",SE.TER.GRAD.SV.ZS,1.574800014
Bulgaria,BGR,"Percentage of graduates from tertiary education graduating from Social Sciences, Business and Law programmes, both sexes (%)",SE.TER.GRAD.SS.ZS,15.65808964
Bulgaria,BGR,Percentage of graduates from tertiary education who are female (%),SE.TER.GRAD.FE.ZS,59.98295975
Chile,CHL,"Percentage of graduates from Social Sciences, Business and Law programmes in tertiary education who are female (%)",SE.TER.GRAD.FE.SS.ZS,57.84864044
Chile,CHL,"Percentage of graduates from tertiary education graduating from Engineering, Manufacturing and Construction programmes, both sexes (%)",SE.TER.GRAD.EN.ZS,1.29076004
Chile,CHL,"Percentage of graduates from tertiary education graduating from Health and Welfare programmes, both sexes (%)",SE.TER.GRAD.HL.ZS,15.31390953
Chile,CHL,"Percentage of graduates from tertiary education graduating from Humanities and Arts programmes, both sexes (%)",SE.TER.GRAD.HU.ZS,4.013010025
Chile,CHL,"Percentage of graduates from tertiary education graduating from programmes in unspecified fields, both sexes (%)",SE.TER.GRAD.OT.ZS,0
Chile,CHL,"Percentage of graduates from tertiary education graduating from Science programmes, both sexes (%)",SE.TER.GRAD.SC.ZS,22.32497025
Chile,CHL,"Percentage of graduates from tertiary education graduating from Services programmes, both sexes (%)",SE.TER.GRAD.SV.ZS,2.278419971
Chile,CHL,"Percentage of graduates from tertiary education graduating from Social Sciences, Business and Law programmes, both sexes (%)",SE.TER.GRAD.SS.ZS,5.728579998
Chile,CHL,Percentage of graduates from tertiary education who are female (%),SE.TER.GRAD.FE.ZS,55.67198944
China,CHN,Percentage of graduates from tertiary education who are female (%),SE.TER.GRAD.FE.ZS,51.12751007
Colombia,COL,"Percentage of graduates from Social Sciences, Business and Law programmes in tertiary education who are female (%)",SE.TER.GRAD.FE.SS.ZS,61.72275925
Colombia,COL,"Percentage of graduates from tertiary education graduating from Engineering, Manufacturing and Construction programmes, both sexes (%)",SE.TER.GRAD.EN.ZS,1.452139974
Colombia,COL,"Percentage of graduates from tertiary education graduating from Health and Welfare programmes, both sexes (%)",SE.TER.GRAD.HL.ZS,16.40596962
Colombia,COL,"Percentage of graduates from tertiary education graduating from Humanities and Arts programmes, both sexes (%)",SE.TER.GRAD.HU.ZS,4.00965023
Colombia,COL,"Percentage of graduates from tertiary education graduating from programmes in unspecified fields, both sexes (%)",SE.TER.GRAD.OT.ZS,0
Colombia,COL,"Percentage of graduates from tertiary education graduating from Science programmes, both sexes (%)",SE.TER.GRAD.SC.ZS,45.28025818
Colombia,COL,"Percentage of graduates from tertiary education graduating from Services programmes, both sexes (%)",SE.TER.GRAD.SV.ZS,2.090339899
Colombia,COL,"Percentage of graduates from tertiary education graduating from Social Sciences, Business and Law programmes, both sexes (%)",SE.TER.GRAD.SS.ZS,6.119460106
Colombia,COL,Percentage of graduates from tertiary education who are female (%),SE.TER.GRAD.FE.ZS,55.74168015
Costa Rica,CRI,"Percentage of graduates from Social Sciences, Business and Law programmes in tertiary education who are female (%)",SE.TER.GRAD.FE.SS.ZS,62.57159042
Costa Rica,CRI,"Percentage of graduates from tertiary education graduating from programmes in unspecified fields, both sexes (%)",SE.TER.GRAD.OT.ZS,0
Costa Rica,CRI,Percentage of graduates from tertiary education who are female (%),SE.TER.GRAD.FE.ZS,63.22047043
Croatia,HRV,"Percentage of graduates from tertiary education graduating from Engineering, Manufacturing and Construction programmes, both sexes (%)",SE.TER.GRAD.EN.ZS,4.904660225
Croatia,HRV,"Percentage of graduates from tertiary education graduating from Health and Welfare programmes, both sexes (%)",SE.TER.GRAD.HL.ZS,15.54090977
Croatia,HRV,"Percentage of graduates from tertiary education graduating from Humanities and Arts programmes, both sexes (%)",SE.TER.GRAD.HU.ZS,9.38024044
Croatia,HRV,"Percentage of graduates from tertiary education graduating from programmes in unspecified fields, both sexes (%)",SE.TER.GRAD.OT.ZS,0
Croatia,HRV,"Percentage of graduates from tertiary education graduating from Science programmes, both sexes (%)",SE.TER.GRAD.SC.ZS,33.1135788
Croatia,HRV,"Percentage of graduates from tertiary education graduating from Services programmes, both sexes (%)",SE.TER.GRAD.SV.ZS,4.177199841
Croatia,HRV,"Percentage of graduates from tertiary education graduating from Social Sciences, Business and Law programmes, both sexes (%)",SE.TER.GRAD.SS.ZS,8.132760048
Croatia,HRV,Percentage of graduates from tertiary education who are female (%),SE.TER.GRAD.FE.ZS,59.75675964
Cuba,CUB,"Percentage of graduates from tertiary education graduating from programmes in unspecified fields, both sexes (%)",SE.TER.GRAD.OT.ZS,0
Cuba,CUB,Percentage of graduates from tertiary education who are female (%),SE.TER.GRAD.FE.ZS,63.60536957
Cyprus,CYP,"Percentage of graduates from Social Sciences, Business and Law programmes in tertiary education who are female (%)",SE.TER.GRAD.FE.SS.ZS,59.97634888
Cyprus,CYP,"Percentage of graduates from tertiary education graduating from Engineering, Manufacturing and Construction programmes, both sexes (%)",SE.TER.GRAD.EN.ZS,2.782429934
Cyprus,CYP,"Percentage of graduates from tertiary education graduating from Health and Welfare programmes, both sexes (%)",SE.TER.GRAD.HL.ZS,10.71751022
Cyprus,CYP,"Percentage of graduates from tertiary education graduating from Humanities and Arts programmes, both sexes (%)",SE.TER.GRAD.HU.ZS,7.252349854
Cyprus,CYP,"Percentage of graduates from tertiary education graduating from programmes in unspecified fields, both sexes (%)",SE.TER.GRAD.OT.ZS,0
Cyprus,CYP,"Percentage of graduates from tertiary education graduating from Science programmes, both sexes (%)",SE.TER.GRAD.SC.ZS,36.2231102
Cyprus,CYP,"Percentage of graduates from tertiary education graduating from Services programmes, both sexes (%)",SE.TER.GRAD.SV.ZS,0.875949979
Cyprus,CYP,"Percentage of graduates from tertiary education graduating from Social Sciences, Business and Law programmes, both sexes (%)",SE.TER.GRAD.SS.ZS,7.355400085
Cyprus,CYP,Percentage of graduates from tertiary education who are female (%),SE.TER.GRAD.FE.ZS,62.93959045
Czech Republic,CZE,"Percentage of graduates from Social Sciences, Business and Law programmes in tertiary education who are female (%)",SE.TER.GRAD.FE.SS.ZS,67.07434845
Czech Republic,CZE,"Percentage of graduates from tertiary education graduating from Engineering, Manufacturing and Construction programmes, both sexes (%)",SE.TER.GRAD.EN.ZS,5.010940075
Czech Republic,CZE,"Percentage of graduates from tertiary education graduating from Health and Welfare programmes, both sexes (%)",SE.TER.GRAD.HL.ZS,13.20613956
Czech Republic,CZE,"Percentage of graduates from tertiary education graduating from Humanities and Arts programmes, both sexes (%)",SE.TER.GRAD.HU.ZS,7.636310101
Czech Republic,CZE,"Percentage of graduates from tertiary education graduating from programmes in unspecified fields, both sexes (%)",SE.TER.GRAD.OT.ZS,9.414259911
Czech Republic,CZE,"Percentage of graduates from tertiary education graduating from Science programmes, both sexes (%)",SE.TER.GRAD.SC.ZS,24.45185089
Czech Republic,CZE,"Percentage of graduates from tertiary education graduating from Services programmes, both sexes (%)",SE.TER.GRAD.SV.ZS,3.125030041
Czech Republic,CZE,"Percentage of graduates from tertiary education graduating from Social Sciences, Business and Law programmes, both sexes (%)",SE.TER.GRAD.SS.ZS,8.199979782
Czech Republic,CZE,Percentage of graduates from tertiary education who are female (%),SE.TER.GRAD.FE.ZS,60.13031006
Denmark,DNK,"Percentage of graduates from Social Sciences, Business and Law programmes in tertiary education who are female (%)",SE.TER.GRAD.FE.SS.ZS,55.26293945
Denmark,DNK,"Percentage of graduates from tertiary education graduating from Engineering, Manufacturing and Construction programmes, both sexes (%)",SE.TER.GRAD.EN.ZS,3.850749969
Denmark,DNK,"Percentage of graduates from tertiary education graduating from Health and Welfare programmes, both sexes (%)",SE.TER.GRAD.HL.ZS,12.5473299
Denmark,DNK,"Percentage of graduates from tertiary education graduating from Humanities and Arts programmes, both sexes (%)",SE.TER.GRAD.HU.ZS,11.73589993
Denmark,DNK,"Percentage of graduates from tertiary education graduating from programmes in unspecified fields, both sexes (%)",SE.TER.GRAD.OT.ZS,0
Denmark,DNK,"Percentage of graduates from tertiary education graduating from Science programmes, both sexes (%)",SE.TER.GRAD.SC.ZS,26.44562912
Denmark,DNK,"Percentage of graduates from tertiary education graduating from Services programmes, both sexes (%)",SE.TER.GRAD.SV.ZS,1.340999961
Denmark,DNK,"Percentage of graduates from tertiary education graduating from Social Sciences, Business and Law programmes, both sexes (%)",SE.TER.GRAD.SS.ZS,8.474499702
Denmark,DNK,Percentage of graduates from tertiary education who are female (%),SE.TER.GRAD.FE.ZS,58.30936813
Dominican Republic,DOM,"Percentage of graduates from Social Sciences, Business and Law programmes in tertiary education who are female (%)",SE.TER.GRAD.FE.SS.ZS,62.8996582
Dominican Republic,DOM,Percentage of graduates from tertiary education who are female (%),SE.TER.GRAD.FE.ZS,63.01924133
Ecuador,ECU,"Percentage of graduates from tertiary education graduating from Engineering, Manufacturing and Construction programmes, both sexes (%)",SE.TER.GRAD.EN.ZS,2.051069975
Ecuador,ECU,"Percentage of graduates from tertiary education graduating from Health and Welfare programmes, both sexes (%)",SE.TER.GRAD.HL.ZS,9.650400162
Ecuador,ECU,"Percentage of graduates from tertiary education graduating from Humanities and Arts programmes, both sexes (%)",SE.TER.GRAD.HU.ZS,3.348740101
Ecuador,ECU,"Percentage of graduates from tertiary education graduating from programmes in unspecified fields, both sexes (%)",SE.TER.GRAD.OT.ZS,0
Ecuador,ECU,"Percentage of graduates from tertiary education graduating from Science programmes, both sexes (%)",SE.TER.GRAD.SC.ZS,35.5699501
Ecuador,ECU,"Percentage of graduates from tertiary education graduating from Services programmes, both sexes (%)",SE.TER.GRAD.SV.ZS,2.581830025
Ecuador,ECU,"Percentage of graduates from tertiary education graduating from Social Sciences, Business and Law programmes, both sexes (%)",SE.TER.GRAD.SS.ZS,6.931369781
Ecuador,ECU,Percentage of graduates from tertiary education who are female (%),SE.TER.GRAD.FE.ZS,58.6074295
"Egypt, Arab Rep.",EGY,"Percentage of graduates from Social Sciences, Business and Law programmes in tertiary education who are female (%)",SE.TER.GRAD.FE.SS.ZS,38.04243088
El Salvador,SLV,"Percentage of graduates from Social Sciences, Business and Law programmes in tertiary education who are female (%)",SE.TER.GRAD.FE.SS.ZS,61.33742142
El Salvador,SLV,"Percentage of graduates from tertiary education graduating from programmes in unspecified fields, both sexes (%)",SE.TER.GRAD.OT.ZS,0
El Salvador,SLV,Percentage of graduates from tertiary education who are female (%),SE.TER.GRAD.FE.ZS,56.38056946
Eritrea,ERI,"Percentage of graduates from Social Sciences, Business and Law programmes in tertiary education who are female (%)",SE.TER.GRAD.FE.SS.ZS,33.94308853
Eritrea,ERI,Percentage of graduates from tertiary education who are female (%),SE.TER.GRAD.FE.ZS,26.31772995
Estonia,EST,"Percentage of graduates from Social Sciences, Business and Law programmes in tertiary education who are female (%)",SE.TER.GRAD.FE.SS.ZS,74.16509247
Estonia,EST,"Percentage of graduates from tertiary education graduating from Engineering, Manufacturing and Construction programmes, both sexes (%)",SE.TER.GRAD.EN.ZS,5.94701004
Estonia,EST,"Percentage of graduates from tertiary education graduating from Health and Welfare programmes, both sexes (%)",SE.TER.GRAD.HL.ZS,15.26006031
Estonia,EST,"Percentage of graduates from tertiary education graduating from Humanities and Arts programmes, both sexes (%)",SE.TER.GRAD.HU.ZS,13.04220009
Estonia,EST,"Percentage of graduates from tertiary education graduating from programmes in unspecified fields, both sexes (%)",SE.TER.GRAD.OT.ZS,0
Estonia,EST,"Percentage of graduates from tertiary education graduating from Science programmes, both sexes (%)",SE.TER.GRAD.SC.ZS,23.11088943
Estonia,EST,"Percentage of graduates from tertiary education graduating from Services programmes, both sexes (%)",SE.TER.GRAD.SV.ZS,1.952890038
Estonia,EST,"Percentage of graduates from tertiary education graduating from Social Sciences, Business and Law programmes, both sexes (%)",SE.TER.GRAD.SS.ZS,8.037289619
Estonia,EST,Percentage of graduates from tertiary education who are female (%),SE.TER.GRAD.FE.ZS,66.38861847
Ethiopia,ETH,Percentage of graduates from tertiary education who are female (%),SE.TER.GRAD.FE.ZS,33.5200386
Finland,FIN,"Percentage of graduates from Social Sciences, Business and Law programmes in tertiary education who are female (%)",SE.TER.GRAD.FE.SS.ZS,64.28150177
Finland,FIN,"Percentage of graduates from tertiary education graduating from Engineering, Manufacturing and Construction programmes, both sexes (%)",SE.TER.GRAD.EN.ZS,3.879129887
Finland,FIN,"Percentage of graduates from tertiary education graduating from Health and Welfare programmes, both sexes (%)",SE.TER.GRAD.HL.ZS,20.65036011
Finland,FIN,"Percentage of graduates from tertiary education graduating from Humanities and Arts programmes, both sexes (%)",SE.TER.GRAD.HU.ZS,13.15565014
Finland,FIN,"Percentage of graduates from tertiary education graduating from programmes in unspecified fields, both sexes (%)",SE.TER.GRAD.OT.ZS,0.408329993
Finland,FIN,"Percentage of graduates from tertiary education graduating from Science programmes, both sexes (%)",SE.TER.GRAD.SC.ZS,17.91083908
Finland,FIN,"Percentage of graduates from tertiary education graduating from Services programmes, both sexes (%)",SE.TER.GRAD.SV.ZS,1.945140004
Finland,FIN,"Percentage of graduates from tertiary education graduating from Social Sciences, Business and Law programmes, both sexes (%)",SE.TER.GRAD.SS.ZS,7.249710083
Finland,FIN,Percentage of graduates from tertiary education who are female (%),SE.TER.GRAD.FE.ZS,60.40869904
France,FRA,"Percentage of graduates from Social Sciences, Business and Law programmes in tertiary education who are female (%)",SE.TER.GRAD.FE.SS.ZS,60.64009094
France,FRA,"Percentage of graduates from tertiary education graduating from Engineering, Manufacturing and Construction programmes, both sexes (%)",SE.TER.GRAD.EN.ZS,5.773749828
France,FRA,"Percentage of graduates from tertiary education graduating from Health and Welfare programmes, both sexes (%)",SE.TER.GRAD.HL.ZS,14.95606041
France,FRA,"Percentage of graduates from tertiary education graduating from Humanities and Arts programmes, both sexes (%)",SE.TER.GRAD.HU.ZS,9.387029648
France,FRA,"Percentage of graduates from tertiary education graduating from programmes in unspecified fields, both sexes (%)",SE.TER.GRAD.OT.ZS,2.057369947
France,FRA,"Percentage of graduates from tertiary education graduating from Science programmes, both sexes (%)",SE.TER.GRAD.SC.ZS,33.74847031
France,FRA,"Percentage of graduates from tertiary education graduating from Services programmes, both sexes (%)",SE.TER.GRAD.SV.ZS,1.595860004
France,FRA,"Percentage of graduates from tertiary education graduating from Social Sciences, Business and Law programmes, both sexes (%)",SE.TER.GRAD.SS.ZS,7.882929802
France,FRA,Percentage of graduates from tertiary education who are female (%),SE.TER.GRAD.FE.ZS,55.883461
Georgia,GEO,"Percentage of graduates from Social Sciences, Business and Law programmes in tertiary education who are female (%)",SE.TER.GRAD.FE.SS.ZS,62.67847061
Georgia,GEO,"Percentage of graduates from tertiary education graduating from programmes in unspecified fields, both sexes (%)",SE.TER.GRAD.OT.ZS,0
Georgia,GEO,Percentage of graduates from tertiary education who are female (%),SE.TER.GRAD.FE.ZS,62.25009918
Germany,DEU,"Percentage of graduates from Social Sciences, Business and Law programmes in tertiary education who are female (%)",SE.TER.GRAD.FE.SS.ZS,55.99687958
Ghana,GHA,"Percentage of graduates from Social Sciences, Business and Law programmes in tertiary education who are female (%)",SE.TER.GRAD.FE.SS.ZS,41.74216843
Ghana,GHA,Percentage of graduates from tertiary education who are female (%),SE.TER.GRAD.FE.ZS,39.26522827
Greece,GRC,"Percentage of graduates from tertiary education graduating from Engineering, Manufacturing and Construction programmes, both sexes (%)",SE.TER.GRAD.EN.ZS,7.401569843
Greece,GRC,"Percentage of graduates from tertiary education graduating from Health and Welfare programmes, both sexes (%)",SE.TER.GRAD.HL.ZS,18.14738083
Greece,GRC,"Percentage of graduates from tertiary education graduating from Humanities and Arts programmes, both sexes (%)",SE.TER.GRAD.HU.ZS,11.35492039
Greece,GRC,"Percentage of graduates from tertiary education graduating from programmes in unspecified fields, both sexes (%)",SE.TER.GRAD.OT.ZS,0
Greece,GRC,"Percentage of graduates from tertiary education graduating from Science programmes, both sexes (%)",SE.TER.GRAD.SC.ZS,19.71920967
Greece,GRC,"Percentage of graduates from tertiary education graduating from Services programmes, both sexes (%)",SE.TER.GRAD.SV.ZS,4.015749931
Greece,GRC,"Percentage of graduates from tertiary education graduating from Social Sciences, Business and Law programmes, both sexes (%)",SE.TER.GRAD.SS.ZS,12.71578979
Greece,GRC,Percentage of graduates from tertiary education who are female (%),SE.TER.GRAD.FE.ZS,57.77745056
Guinea,GIN,Percentage of graduates from tertiary education who are female (%),SE.TER.GRAD.FE.ZS,33.00870132
Honduras,HND,"Percentage of graduates from Social Sciences, Business and Law programmes in tertiary education who are female (%)",SE.TER.GRAD.FE.SS.ZS,66.79380798
Honduras,HND,"Percentage of graduates from tertiary education graduating from programmes in unspecified fields, both sexes (%)",SE.TER.GRAD.OT.ZS,0
Honduras,HND,Percentage of graduates from tertiary education who are female (%),SE.TER.GRAD.FE.ZS,64.83586121
Hungary,HUN,"Percentage of graduates from Social Sciences, Business and Law programmes in tertiary education who are female (%)",SE.TER.GRAD.FE.SS.ZS,68.88613129
Hungary,HUN,"Percentage of graduates from tertiary education graduating from Engineering, Manufacturing and Construction programmes, both sexes (%)",SE.TER.GRAD.EN.ZS,3.527220011
Hungary,HUN,"Percentage of graduates from tertiary education graduating from Health and Welfare programmes, both sexes (%)",SE.TER.GRAD.HL.ZS,14.19443989
Hungary,HUN,"Percentage of graduates from tertiary education graduating from Humanities and Arts programmes, both sexes (%)",SE.TER.GRAD.HU.ZS,9.270680428
Hungary,HUN,"Percentage of graduates from tertiary education graduating from programmes in unspecified fields, both sexes (%)",SE.TER.GRAD.OT.ZS,0
Hungary,HUN,"Percentage of graduates from tertiary education graduating from Science programmes, both sexes (%)",SE.TER.GRAD.SC.ZS,29.09128952
Hungary,HUN,"Percentage of graduates from tertiary education graduating from Services programmes, both sexes (%)",SE.TER.GRAD.SV.ZS,2.330780029
Hungary,HUN,"Percentage of graduates from tertiary education graduating from Social Sciences, Business and Law programmes, both sexes (%)",SE.TER.GRAD.SS.ZS,9.810250282
Hungary,HUN,Percentage of graduates from tertiary education who are female (%),SE.TER.GRAD.FE.ZS,62.58332062
India,IND,"Percentage of graduates from tertiary education graduating from Engineering, Manufacturing and Construction programmes, both sexes (%)",SE.TER.GRAD.EN.ZS,12.69734001
India,IND,"Percentage of graduates from tertiary education graduating from Health and Welfare programmes, both sexes (%)",SE.TER.GRAD.HL.ZS,11.03555965
India,IND,"Percentage of graduates from tertiary education graduating from Humanities and Arts programmes, both sexes (%)",SE.TER.GRAD.HU.ZS,6.280059814
India,IND,"Percentage of graduates from tertiary education graduating from programmes in unspecified fields, both sexes (%)",SE.TER.GRAD.OT.ZS,0
India,IND,"Percentage of graduates from tertiary education graduating from Science programmes, both sexes (%)",SE.TER.GRAD.SC.ZS,18.09011078
India,IND,"Percentage of graduates from tertiary education graduating from Services programmes, both sexes (%)",SE.TER.GRAD.SV.ZS,0.616450012
India,IND,"Percentage of graduates from tertiary education graduating from Social Sciences, Business and Law programmes, both sexes (%)",SE.TER.GRAD.SS.ZS,31.55573082
India,IND,Percentage of graduates from tertiary education who are female (%),SE.TER.GRAD.FE.ZS,50.21543121
Indonesia,IDN,"Percentage of graduates from Social Sciences, Business and Law programmes in tertiary education who are female (%)",SE.TER.GRAD.FE.SS.ZS,47.87506104
Indonesia,IDN,"Percentage of graduates from tertiary education graduating from Engineering, Manufacturing and Construction programmes, both sexes (%)",SE.TER.GRAD.EN.ZS,1.552010059
Indonesia,IDN,"Percentage of graduates from tertiary education graduating from Health and Welfare programmes, both sexes (%)",SE.TER.GRAD.HL.ZS,9.31746006
Indonesia,IDN,"Percentage of graduates from tertiary education graduating from Humanities and Arts programmes, both sexes (%)",SE.TER.GRAD.HU.ZS,1.829460025
Indonesia,IDN,"Percentage of graduates from tertiary education graduating from programmes in unspecified fields, both sexes (%)",SE.TER.GRAD.OT.ZS,0
Indonesia,IDN,"Percentage of graduates from tertiary education graduating from Science programmes, both sexes (%)",SE.TER.GRAD.SC.ZS,26.77713013
Indonesia,IDN,"Percentage of graduates from tertiary education graduating from Services programmes, both sexes (%)",SE.TER.GRAD.SV.ZS,3.411309958
Indonesia,IDN,"Percentage of graduates from tertiary education graduating from Social Sciences, Business and Law programmes, both sexes (%)",SE.TER.GRAD.SS.ZS,5.237510204
Indonesia,IDN,Percentage of graduates from tertiary education who are female (%),SE.TER.GRAD.FE.ZS,52.14476013
"Iran, Islamic Rep.",IRN,"Percentage of graduates from Social Sciences, Business and Law programmes in tertiary education who are female (%)",SE.TER.GRAD.FE.SS.ZS,52.56795883
"Iran, Islamic Rep.",IRN,"Percentage of graduates from tertiary education graduating from programmes in unspecified fields, both sexes (%)",SE.TER.GRAD.OT.ZS,0
"Iran, Islamic Rep.",IRN,Percentage of graduates from tertiary education who are female (%),SE.TER.GRAD.FE.ZS,45.07881927
Ireland,IRL,"Percentage of graduates from tertiary education graduating from Engineering, Manufacturing and Construction programmes, both sexes (%)",SE.TER.GRAD.EN.ZS,5.833270073
Ireland,IRL,"Percentage of graduates from tertiary education graduating from Health and Welfare programmes, both sexes (%)",SE.TER.GRAD.HL.ZS,10.31637001
Ireland,IRL,"Percentage of graduates from tertiary education graduating from Humanities and Arts programmes, both sexes (%)",SE.TER.GRAD.HU.ZS,11.51566029
Ireland,IRL,"Percentage of graduates from tertiary education graduating from programmes in unspecified fields, both sexes (%)",SE.TER.GRAD.OT.ZS,9.695940018
Ireland,IRL,"Percentage of graduates from tertiary education graduating from Science programmes, both sexes (%)",SE.TER.GRAD.SC.ZS,22.83735085
Ireland,IRL,"Percentage of graduates from tertiary education graduating from Services programmes, both sexes (%)",SE.TER.GRAD.SV.ZS,1.153110027
Ireland,IRL,"Percentage of graduates from tertiary education graduating from Social Sciences, Business and Law programmes, both sexes (%)",SE.TER.GRAD.SS.ZS,6.242780209
Ireland,IRL,Percentage of graduates from tertiary education who are female (%),SE.TER.GRAD.FE.ZS,52.2946701
Italy,ITA,"Percentage of graduates from tertiary education graduating from Engineering, Manufacturing and Construction programmes, both sexes (%)",SE.TER.GRAD.EN.ZS,6.600450039
Italy,ITA,"Percentage of graduates from tertiary education graduating from Health and Welfare programmes, both sexes (%)",SE.TER.GRAD.HL.ZS,16.33003998
Italy,ITA,"Percentage of graduates from tertiary education graduating from Humanities and Arts programmes, both sexes (%)",SE.TER.GRAD.HU.ZS,15.84494019
Italy,ITA,"Percentage of graduates from tertiary education graduating from programmes in unspecified fields, both sexes (%)",SE.TER.GRAD.OT.ZS,0.906359971
Italy,ITA,"Percentage of graduates from tertiary education graduating from Science programmes, both sexes (%)",SE.TER.GRAD.SC.ZS,18.91397095
Italy,ITA,"Percentage of graduates from tertiary education graduating from Services programmes, both sexes (%)",SE.TER.GRAD.SV.ZS,2.069169998
Italy,ITA,"Percentage of graduates from tertiary education graduating from Social Sciences, Business and Law programmes, both sexes (%)",SE.TER.GRAD.SS.ZS,13.15736961
Italy,ITA,Percentage of graduates from tertiary education who are female (%),SE.TER.GRAD.FE.ZS,59.68136978
Japan,JPN,"Percentage of graduates from Social Sciences, Business and Law programmes in tertiary education who are female (%)",SE.TER.GRAD.FE.SS.ZS,39.16242981
Japan,JPN,Percentage of graduates from tertiary education who are female (%),SE.TER.GRAD.FE.ZS,48.94894028
Kazakhstan,KAZ,"Percentage of graduates from Social Sciences, Business and Law programmes in tertiary education who are female (%)",SE.TER.GRAD.FE.SS.ZS,56.97566986
Kazakhstan,KAZ,"Percentage of graduates from tertiary education graduating from programmes in unspecified fields, both sexes (%)",SE.TER.GRAD.OT.ZS,0
Kazakhstan,KAZ,Percentage of graduates from tertiary education who are female (%),SE.TER.GRAD.FE.ZS,55.77257919
"Korea, Rep.",KOR,"Percentage of graduates from tertiary education graduating from Engineering, Manufacturing and Construction programmes, both sexes (%)",SE.TER.GRAD.EN.ZS,4.254859924
"Korea, Rep.",KOR,"Percentage of graduates from tertiary education graduating from Health and Welfare programmes, both sexes (%)",SE.TER.GRAD.HL.ZS,24.3735199
"Korea, Rep.",KOR,"Percentage of graduates from tertiary education graduating from Humanities and Arts programmes, both sexes (%)",SE.TER.GRAD.HU.ZS,17.58280945
"Korea, Rep.",KOR,"Percentage of graduates from tertiary education graduating from programmes in unspecified fields, both sexes (%)",SE.TER.GRAD.OT.ZS,0
"Korea, Rep.",KOR,"Percentage of graduates from tertiary education graduating from Science programmes, both sexes (%)",SE.TER.GRAD.SC.ZS,17.00768089
"Korea, Rep.",KOR,"Percentage of graduates from tertiary education graduating from Services programmes, both sexes (%)",SE.TER.GRAD.SV.ZS,1.203410029
"Korea, Rep.",KOR,"Percentage of graduates from tertiary education graduating from Social Sciences, Business and Law programmes, both sexes (%)",SE.TER.GRAD.SS.ZS,4.646349907
"Korea, Rep.",KOR,Percentage of graduates from tertiary education who are female (%),SE.TER.GRAD.FE.ZS,51.27013016
Lao PDR,LAO,"Percentage of graduates from Social Sciences, Business and Law programmes in tertiary education who are female (%)",SE.TER.GRAD.FE.SS.ZS,53.13365173
Lao PDR,LAO,"Percentage of graduates from tertiary education graduating from programmes in unspecified fields, both sexes (%)",SE.TER.GRAD.OT.ZS,0
Lao PDR,LAO,Percentage of graduates from tertiary education who are female (%),SE.TER.GRAD.FE.ZS,46.98582077
Latvia,LVA,"Percentage of graduates from Social Sciences, Business and Law programmes in tertiary education who are female (%)",SE.TER.GRAD.FE.SS.ZS,70.46495056
Latvia,LVA,"Percentage of graduates from tertiary education graduating from Engineering, Manufacturing and Construction programmes, both sexes (%)",SE.TER.GRAD.EN.ZS,2.767369986
Latvia,LVA,"Percentage of graduates from tertiary education graduating from Health and Welfare programmes, both sexes (%)",SE.TER.GRAD.HL.ZS,14.58633995
Latvia,LVA,"Percentage of graduates from tertiary education graduating from Humanities and Arts programmes, both sexes (%)",SE.TER.GRAD.HU.ZS,9.616600037
Latvia,LVA,"Percentage of graduates from tertiary education graduating from programmes in unspecified fields, both sexes (%)",SE.TER.GRAD.OT.ZS,0
Latvia,LVA,"Percentage of graduates from tertiary education graduating from Science programmes, both sexes (%)",SE.TER.GRAD.SC.ZS,33.28913116
Latvia,LVA,"Percentage of graduates from tertiary education graduating from Services programmes, both sexes (%)",SE.TER.GRAD.SV.ZS,1.406749964
Latvia,LVA,"Percentage of graduates from tertiary education graduating from Social Sciences, Business and Law programmes, both sexes (%)",SE.TER.GRAD.SS.ZS,8.250220299
Latvia,LVA,Percentage of graduates from tertiary education who are female (%),SE.TER.GRAD.FE.ZS,65.17727661
Lebanon,LBN,"Percentage of graduates from tertiary education graduating from programmes in unspecified fields, both sexes (%)",SE.TER.GRAD.OT.ZS,0
Lesotho,LSO,"Percentage of graduates from Social Sciences, Business and Law programmes in tertiary education who are female (%)",SE.TER.GRAD.FE.SS.ZS,61.00189972
Lesotho,LSO,"Percentage of graduates from tertiary education graduating from programmes in unspecified fields, both sexes (%)",SE.TER.GRAD.OT.ZS,0
Lesotho,LSO,Percentage of graduates from tertiary education who are female (%),SE.TER.GRAD.FE.ZS,62.98712921
Liechtenstein,LIE,"Percentage of graduates from Social Sciences, Business and Law programmes in tertiary education who are female (%)",SE.TER.GRAD.FE.SS.ZS,29.24527931
Liechtenstein,LIE,"Percentage of graduates from tertiary education graduating from Engineering, Manufacturing and Construction programmes, both sexes (%)",SE.TER.GRAD.EN.ZS,0
Liechtenstein,LIE,"Percentage of graduates from tertiary education graduating from Health and Welfare programmes, both sexes (%)",SE.TER.GRAD.HL.ZS,17.34317017
Liechtenstein,LIE,"Percentage of graduates from tertiary education graduating from Humanities and Arts programmes, both sexes (%)",SE.TER.GRAD.HU.ZS,0
Liechtenstein,LIE,"Percentage of graduates from tertiary education graduating from programmes in unspecified fields, both sexes (%)",SE.TER.GRAD.OT.ZS,0
Liechtenstein,LIE,"Percentage of graduates from tertiary education graduating from Science programmes, both sexes (%)",SE.TER.GRAD.SC.ZS,0.368999988
Liechtenstein,LIE,"Percentage of graduates from tertiary education graduating from Services programmes, both sexes (%)",SE.TER.GRAD.SV.ZS,0
Liechtenstein,LIE,"Percentage of graduates from tertiary education graduating from Social Sciences, Business and Law programmes, both sexes (%)",SE.TER.GRAD.SS.ZS,77.85977936
Liechtenstein,LIE,Percentage of graduates from tertiary education who are female (%),SE.TER.GRAD.FE.ZS,32.84133148
Lithuania,LTU,"Percentage of graduates from tertiary education graduating from Engineering, Manufacturing and Construction programmes, both sexes (%)",SE.TER.GRAD.EN.ZS,3.757920027
Lithuania,LTU,"Percentage of graduates from tertiary education graduating from Health and Welfare programmes, both sexes (%)",SE.TER.GRAD.HL.ZS,17.85088921
Lithuania,LTU,"Percentage of graduates from tertiary education graduating from Humanities and Arts programmes, both sexes (%)",SE.TER.GRAD.HU.ZS,7.974649906
Lithuania,LTU,"Percentage of graduates from tertiary education graduating from programmes in unspecified fields, both sexes (%)",SE.TER.GRAD.OT.ZS,0
Lithuania,LTU,"Percentage of graduates from tertiary education graduating from Science programmes, both sexes (%)",SE.TER.GRAD.SC.ZS,31.25868034
Lithuania,LTU,"Percentage of graduates from tertiary education graduating from Services programmes, both sexes (%)",SE.TER.GRAD.SV.ZS,2.040450096
Lithuania,LTU,"Percentage of graduates from tertiary education graduating from Social Sciences, Business and Law programmes, both sexes (%)",SE.TER.GRAD.SS.ZS,11.95592976
Lithuania,LTU,Percentage of graduates from tertiary education who are female (%),SE.TER.GRAD.FE.ZS,63.03049088
Luxembourg,LUX,"Percentage of graduates from Social Sciences, Business and Law programmes in tertiary education who are female (%)",SE.TER.GRAD.FE.SS.ZS,54.04455185
Luxembourg,LUX,"Percentage of graduates from tertiary education graduating from Engineering, Manufacturing and Construction programmes, both sexes (%)",SE.TER.GRAD.EN.ZS,4.710340023
Luxembourg,LUX,"Percentage of graduates from tertiary education graduating from Health and Welfare programmes, both sexes (%)",SE.TER.GRAD.HL.ZS,5.576610088
Luxembourg,LUX,"Percentage of graduates from tertiary education graduating from Humanities and Arts programmes, both sexes (%)",SE.TER.GRAD.HU.ZS,7.796430111
Luxembourg,LUX,"Percentage of graduates from tertiary education graduating from programmes in unspecified fields, both sexes (%)",SE.TER.GRAD.OT.ZS,0.054140002
Luxembourg,LUX,"Percentage of graduates from tertiary education graduating from Science programmes, both sexes (%)",SE.TER.GRAD.SC.ZS,39.03628159
Luxembourg,LUX,"Percentage of graduates from tertiary education graduating from Services programmes, both sexes (%)",SE.TER.GRAD.SV.ZS,0
Luxembourg,LUX,"Percentage of graduates from tertiary education graduating from Social Sciences, Business and Law programmes, both sexes (%)",SE.TER.GRAD.SS.ZS,7.146719933
Luxembourg,LUX,Percentage of graduates from tertiary education who are female (%),SE.TER.GRAD.FE.ZS,54.89984131
"Macao SAR, China",MAC,"Percentage of graduates from Social Sciences, Business and Law programmes in tertiary education who are female (%)",SE.TER.GRAD.FE.SS.ZS,57.11410904
"Macao SAR, China",MAC,"Percentage of graduates from tertiary education graduating from programmes in unspecified fields, both sexes (%)",SE.TER.GRAD.OT.ZS,0
"Macao SAR, China",MAC,"Percentage of graduates from tertiary education graduating from Services programmes, both sexes (%)",SE.TER.GRAD.SV.ZS,0
"Macao SAR, China",MAC,Percentage of graduates from tertiary education who are female (%),SE.TER.GRAD.FE.ZS,59.91464996
"Macedonia, FYR",MKD,"Percentage of graduates from tertiary education graduating from Engineering, Manufacturing and Construction programmes, both sexes (%)",SE.TER.GRAD.EN.ZS,2.707329988
"Macedonia, FYR",MKD,"Percentage of graduates from tertiary education graduating from Health and Welfare programmes, both sexes (%)",SE.TER.GRAD.HL.ZS,13.04738045
"Macedonia, FYR",MKD,"Percentage of graduates from tertiary education graduating from Humanities and Arts programmes, both sexes (%)",SE.TER.GRAD.HU.ZS,10.9108696
"Macedonia, FYR",MKD,"Percentage of graduates from tertiary education graduating from programmes in unspecified fields, both sexes (%)",SE.TER.GRAD.OT.ZS,0
"Macedonia, FYR",MKD,"Percentage of graduates from tertiary education graduating from Science programmes, both sexes (%)",SE.TER.GRAD.SC.ZS,36.90776825
"Macedonia, FYR",MKD,"Percentage of graduates from tertiary education graduating from Services programmes, both sexes (%)",SE.TER.GRAD.SV.ZS,2.09574008
"Macedonia, FYR",MKD,"Percentage of graduates from tertiary education graduating from Social Sciences, Business and Law programmes, both sexes (%)",SE.TER.GRAD.SS.ZS,6.205659866
"Macedonia, FYR",MKD,Percentage of graduates from tertiary education who are female (%),SE.TER.GRAD.FE.ZS,56.07110977
Madagascar,MDG,"Percentage of graduates from tertiary education graduating from Engineering, Manufacturing and Construction programmes, both sexes (%)",SE.TER.GRAD.EN.ZS,9.979559898
Madagascar,MDG,"Percentage of graduates from tertiary education graduating from Health and Welfare programmes, both sexes (%)",SE.TER.GRAD.HL.ZS,5.018740177
Madagascar,MDG,"Percentage of graduates from tertiary education graduating from Humanities and Arts programmes, both sexes (%)",SE.TER.GRAD.HU.ZS,7.427599907
Madagascar,MDG,"Percentage of graduates from tertiary education graduating from programmes in unspecified fields, both sexes (%)",SE.TER.GRAD.OT.ZS,0
Madagascar,MDG,"Percentage of graduates from tertiary education graduating from Science programmes, both sexes (%)",SE.TER.GRAD.SC.ZS,45.20272827
Madagascar,MDG,"Percentage of graduates from tertiary education graduating from Services programmes, both sexes (%)",SE.TER.GRAD.SV.ZS,1.15162003
Madagascar,MDG,"Percentage of graduates from tertiary education graduating from Social Sciences, Business and Law programmes, both sexes (%)",SE.TER.GRAD.SS.ZS,13.83985996
Madagascar,MDG,Percentage of graduates from tertiary education who are female (%),SE.TER.GRAD.FE.ZS,45.59455109
Malaysia,MYS,"Percentage of graduates from Social Sciences, Business and Law programmes in tertiary education who are female (%)",SE.TER.GRAD.FE.SS.ZS,69.25939178
Malaysia,MYS,Percentage of graduates from tertiary education who are female (%),SE.TER.GRAD.FE.ZS,59.05604172
Maldives,MDV,"Percentage of graduates from tertiary education graduating from Health and Welfare programmes, both sexes (%)",SE.TER.GRAD.HL.ZS,0
Maldives,MDV,"Percentage of graduates from tertiary education graduating from Services programmes, both sexes (%)",SE.TER.GRAD.SV.ZS,0
Maldives,MDV,Percentage of graduates from tertiary education who are female (%),SE.TER.GRAD.FE.ZS,57.70700836
Malta,MLT,"Percentage of graduates from tertiary education graduating from Engineering, Manufacturing and Construction programmes, both sexes (%)",SE.TER.GRAD.EN.ZS,5.657489777
Malta,MLT,"Percentage of graduates from tertiary education graduating from Health and Welfare programmes, both sexes (%)",SE.TER.GRAD.HL.ZS,9.684000015
Malta,MLT,"Percentage of graduates from tertiary education graduating from Humanities and Arts programmes, both sexes (%)",SE.TER.GRAD.HU.ZS,13.78695011
Malta,MLT,"Percentage of graduates from tertiary education graduating from programmes in unspecified fields, both sexes (%)",SE.TER.GRAD.OT.ZS,0.254839987
Malta,MLT,"Percentage of graduates from tertiary education graduating from Science programmes, both sexes (%)",SE.TER.GRAD.SC.ZS,26.09581947
Malta,MLT,"Percentage of graduates from tertiary education graduating from Services programmes, both sexes (%)",SE.TER.GRAD.SV.ZS,0.484200001
Malta,MLT,"Percentage of graduates from tertiary education graduating from Social Sciences, Business and Law programmes, both sexes (%)",SE.TER.GRAD.SS.ZS,10.04076958
Malta,MLT,Percentage of graduates from tertiary education who are female (%),SE.TER.GRAD.FE.ZS,54.79103088
Mauritius,MUS,"Percentage of graduates from Social Sciences, Business and Law programmes in tertiary education who are female (%)",SE.TER.GRAD.FE.SS.ZS,64.73391724
Mexico,MEX,"Percentage of graduates from tertiary education graduating from Engineering, Manufacturing and Construction programmes, both sexes (%)",SE.TER.GRAD.EN.ZS,2.972009897
Mexico,MEX,"Percentage of graduates from tertiary education graduating from Health and Welfare programmes, both sexes (%)",SE.TER.GRAD.HL.ZS,22.96480942
Mexico,MEX,"Percentage of graduates from tertiary education graduating from Humanities and Arts programmes, both sexes (%)",SE.TER.GRAD.HU.ZS,4.136119843
Mexico,MEX,"Percentage of graduates from tertiary education graduating from programmes in unspecified fields, both sexes (%)",SE.TER.GRAD.OT.ZS,0
Mexico,MEX,"Percentage of graduates from tertiary education graduating from Science programmes, both sexes (%)",SE.TER.GRAD.SC.ZS,34.23572922
Mexico,MEX,"Percentage of graduates from tertiary education graduating from Services programmes, both sexes (%)",SE.TER.GRAD.SV.ZS,1.924610019
Mexico,MEX,"Percentage of graduates from tertiary education graduating from Social Sciences, Business and Law programmes, both sexes (%)",SE.TER.GRAD.SS.ZS,9.225029945
Mexico,MEX,Percentage of graduates from tertiary education who are female (%),SE.TER.GRAD.FE.ZS,52.65282822
Moldova,MDA,"Percentage of graduates from tertiary education graduating from Engineering, Manufacturing and Construction programmes, both sexes (%)",SE.TER.GRAD.EN.ZS,2.399539948
Moldova,MDA,"Percentage of graduates from tertiary education graduating from Health and Welfare programmes, both sexes (%)",SE.TER.GRAD.HL.ZS,20.73019028
Moldova,MDA,"Percentage of graduates from tertiary education graduating from Humanities and Arts programmes, both sexes (%)",SE.TER.GRAD.HU.ZS,5.59183979
Moldova,MDA,"Percentage of graduates from tertiary education graduating from programmes in unspecified fields, both sexes (%)",SE.TER.GRAD.OT.ZS,0.343230009
Moldova,MDA,"Percentage of graduates from tertiary education graduating from Science programmes, both sexes (%)",SE.TER.GRAD.SC.ZS,34.70217896
Moldova,MDA,"Percentage of graduates from tertiary education graduating from Services programmes, both sexes (%)",SE.TER.GRAD.SV.ZS,2.0745399
Moldova,MDA,"Percentage of graduates from tertiary education graduating from Social Sciences, Business and Law programmes, both sexes (%)",SE.TER.GRAD.SS.ZS,6.907030106
Moldova,MDA,Percentage of graduates from tertiary education who are female (%),SE.TER.GRAD.FE.ZS,58.91930008
Mongolia,MNG,"Percentage of graduates from Social Sciences, Business and Law programmes in tertiary education who are female (%)",SE.TER.GRAD.FE.SS.ZS,66.63208008
Mongolia,MNG,"Percentage of graduates from tertiary education graduating from programmes in unspecified fields, both sexes (%)",SE.TER.GRAD.OT.ZS,0
Mongolia,MNG,Percentage of graduates from tertiary education who are female (%),SE.TER.GRAD.FE.ZS,63.99409103
Morocco,MAR,Percentage of graduates from tertiary education who are female (%),SE.TER.GRAD.FE.ZS,48.71805954
Mozambique,MOZ,"Percentage of graduates from Social Sciences, Business and Law programmes in tertiary education who are female (%)",SE.TER.GRAD.FE.SS.ZS,50.05603027
Mozambique,MOZ,"Percentage of graduates from tertiary education graduating from programmes in unspecified fields, both sexes (%)",SE.TER.GRAD.OT.ZS,0
Mozambique,MOZ,Percentage of graduates from tertiary education who are female (%),SE.TER.GRAD.FE.ZS,43.01377869
Namibia,NAM,Percentage of graduates from tertiary education who are female (%),SE.TER.GRAD.FE.ZS,65.59729767
Netherlands,NLD,"Percentage of graduates from tertiary education graduating from Engineering, Manufacturing and Construction programmes, both sexes (%)",SE.TER.GRAD.EN.ZS,2.534859896
Netherlands,NLD,"Percentage of graduates from tertiary education graduating from Health and Welfare programmes, both sexes (%)",SE.TER.GRAD.HL.ZS,8.113539696
Netherlands,NLD,"Percentage of graduates from tertiary education graduating from Humanities and Arts programmes, both sexes (%)",SE.TER.GRAD.HU.ZS,8.623200417
Netherlands,NLD,"Percentage of graduates from tertiary education graduating from programmes in unspecified fields, both sexes (%)",SE.TER.GRAD.OT.ZS,2.421600103
Netherlands,NLD,"Percentage of graduates from tertiary education graduating from Science programmes, both sexes (%)",SE.TER.GRAD.SC.ZS,26.22353935
Netherlands,NLD,"Percentage of graduates from tertiary education graduating from Services programmes, both sexes (%)",SE.TER.GRAD.SV.ZS,1.451120019
Netherlands,NLD,"Percentage of graduates from tertiary education graduating from Social Sciences, Business and Law programmes, both sexes (%)",SE.TER.GRAD.SS.ZS,12.69272041
Netherlands,NLD,Percentage of graduates from tertiary education who are female (%),SE.TER.GRAD.FE.ZS,56.60649872
New Zealand,NZL,"Percentage of graduates from tertiary education graduating from Engineering, Manufacturing and Construction programmes, both sexes (%)",SE.TER.GRAD.EN.ZS,6.315740108
New Zealand,NZL,"Percentage of graduates from tertiary education graduating from Health and Welfare programmes, both sexes (%)",SE.TER.GRAD.HL.ZS,7.940879822
New Zealand,NZL,"Percentage of graduates from tertiary education graduating from Humanities and Arts programmes, both sexes (%)",SE.TER.GRAD.HU.ZS,12.99238014
New Zealand,NZL,"Percentage of graduates from tertiary education graduating from programmes in unspecified fields, both sexes (%)",SE.TER.GRAD.OT.ZS,2.667180061
New Zealand,NZL,"Percentage of graduates from tertiary education graduating from Science programmes, both sexes (%)",SE.TER.GRAD.SC.ZS,23.73628998
New Zealand,NZL,"Percentage of graduates from tertiary education graduating from Services programmes, both sexes (%)",SE.TER.GRAD.SV.ZS,1.340370059
New Zealand,NZL,"Percentage of graduates from tertiary education graduating from Social Sciences, Business and Law programmes, both sexes (%)",SE.TER.GRAD.SS.ZS,9.582209587
New Zealand,NZL,Percentage of graduates from tertiary education who are female (%),SE.TER.GRAD.FE.ZS,58.24908829
Norway,NOR,"Percentage of graduates from Social Sciences, Business and Law programmes in tertiary education who are female (%)",SE.TER.GRAD.FE.SS.ZS,58.74990082
Norway,NOR,"Percentage of graduates from tertiary education graduating from Engineering, Manufacturing and Construction programmes, both sexes (%)",SE.TER.GRAD.EN.ZS,4.073979855
Norway,NOR,"Percentage of graduates from tertiary education graduating from Health and Welfare programmes, both sexes (%)",SE.TER.GRAD.HL.ZS,12.67856026
Norway,NOR,"Percentage of graduates from tertiary education graduating from Humanities and Arts programmes, both sexes (%)",SE.TER.GRAD.HU.ZS,9.044449806
Norway,NOR,"Percentage of graduates from tertiary education graduating from programmes in unspecified fields, both sexes (%)",SE.TER.GRAD.OT.ZS,0.341419995
Norway,NOR,"Percentage of graduates from tertiary education graduating from Science programmes, both sexes (%)",SE.TER.GRAD.SC.ZS,16.00267982
Norway,NOR,"Percentage of graduates from tertiary education graduating from Services programmes, both sexes (%)",SE.TER.GRAD.SV.ZS,0.808510005
Norway,NOR,"Percentage of graduates from tertiary education graduating from Social Sciences, Business and Law programmes, both sexes (%)",SE.TER.GRAD.SS.ZS,11.10762024
Norway,NOR,Percentage of graduates from tertiary education who are female (%),SE.TER.GRAD.FE.ZS,58.56060028
Oman,OMN,"Percentage of graduates from Social Sciences, Business and Law programmes in tertiary education who are female (%)",SE.TER.GRAD.FE.SS.ZS,53.03329849
Oman,OMN,"Percentage of graduates from tertiary education graduating from programmes in unspecified fields, both sexes (%)",SE.TER.GRAD.OT.ZS,0
Oman,OMN,Percentage of graduates from tertiary education who are female (%),SE.TER.GRAD.FE.ZS,55.19445038
Philippines,PHL,"Percentage of graduates from Social Sciences, Business and Law programmes in tertiary education who are female (%)",SE.TER.GRAD.FE.SS.ZS,66.22074127
Philippines,PHL,Percentage of graduates from tertiary education who are female (%),SE.TER.GRAD.FE.ZS,57.51988983
Poland,POL,"Percentage of graduates from Social Sciences, Business and Law programmes in tertiary education who are female (%)",SE.TER.GRAD.FE.SS.ZS,69.39450073
Poland,POL,"Percentage of graduates from tertiary education graduating from Engineering, Manufacturing and Construction programmes, both sexes (%)",SE.TER.GRAD.EN.ZS,3.757649899
Poland,POL,"Percentage of graduates from tertiary education graduating from Health and Welfare programmes, both sexes (%)",SE.TER.GRAD.HL.ZS,13.73651028
Poland,POL,"Percentage of graduates from tertiary education graduating from Humanities and Arts programmes, both sexes (%)",SE.TER.GRAD.HU.ZS,7.266089916
Poland,POL,"Percentage of graduates from tertiary education graduating from programmes in unspecified fields, both sexes (%)",SE.TER.GRAD.OT.ZS,0
Poland,POL,"Percentage of graduates from tertiary education graduating from Science programmes, both sexes (%)",SE.TER.GRAD.SC.ZS,26.50398064
Poland,POL,"Percentage of graduates from tertiary education graduating from Services programmes, both sexes (%)",SE.TER.GRAD.SV.ZS,1.400220037
Poland,POL,"Percentage of graduates from tertiary education graduating from Social Sciences, Business and Law programmes, both sexes (%)",SE.TER.GRAD.SS.ZS,10.0607996
Poland,POL,Percentage of graduates from tertiary education who are female (%),SE.TER.GRAD.FE.ZS,66.03056335
Portugal,PRT,"Percentage of graduates from Social Sciences, Business and Law programmes in tertiary education who are female (%)",SE.TER.GRAD.FE.SS.ZS,61.78620148
Portugal,PRT,"Percentage of graduates from tertiary education graduating from Engineering, Manufacturing and Construction programmes, both sexes (%)",SE.TER.GRAD.EN.ZS,6.596389771
Portugal,PRT,"Percentage of graduates from tertiary education graduating from Health and Welfare programmes, both sexes (%)",SE.TER.GRAD.HL.ZS,19.89311028
Portugal,PRT,"Percentage of graduates from tertiary education graduating from Humanities and Arts programmes, both sexes (%)",SE.TER.GRAD.HU.ZS,9.064100266
Portugal,PRT,"Percentage of graduates from tertiary education graduating from programmes in unspecified fields, both sexes (%)",SE.TER.GRAD.OT.ZS,0.00904
Portugal,PRT,"Percentage of graduates from tertiary education graduating from Science programmes, both sexes (%)",SE.TER.GRAD.SC.ZS,19.32364082
Portugal,PRT,"Percentage of graduates from tertiary education graduating from Services programmes, both sexes (%)",SE.TER.GRAD.SV.ZS,1.65644002
Portugal,PRT,"Percentage of graduates from tertiary education graduating from Social Sciences, Business and Law programmes, both sexes (%)",SE.TER.GRAD.SS.ZS,11.1284399
Portugal,PRT,Percentage of graduates from tertiary education who are female (%),SE.TER.GRAD.FE.ZS,59.34939957
Puerto Rico,PRI,"Percentage of graduates from tertiary education graduating from Engineering, Manufacturing and Construction programmes, both sexes (%)",SE.TER.GRAD.EN.ZS,6.579140186
Puerto Rico,PRI,"Percentage of graduates from tertiary education graduating from Health and Welfare programmes, both sexes (%)",SE.TER.GRAD.HL.ZS,7.770880222
Puerto Rico,PRI,"Percentage of graduates from tertiary education graduating from Humanities and Arts programmes, both sexes (%)",SE.TER.GRAD.HU.ZS,3.373250008
Puerto Rico,PRI,"Percentage of graduates from tertiary education graduating from programmes in unspecified fields, both sexes (%)",SE.TER.GRAD.OT.ZS,0
Puerto Rico,PRI,"Percentage of graduates from tertiary education graduating from Science programmes, both sexes (%)",SE.TER.GRAD.SC.ZS,28.43457031
Puerto Rico,PRI,"Percentage of graduates from tertiary education graduating from Services programmes, both sexes (%)",SE.TER.GRAD.SV.ZS,0.574230015
Puerto Rico,PRI,"Percentage of graduates from tertiary education graduating from Social Sciences, Business and Law programmes, both sexes (%)",SE.TER.GRAD.SS.ZS,8.700039864
Puerto Rico,PRI,Percentage of graduates from tertiary education who are female (%),SE.TER.GRAD.FE.ZS,64.22737885
Qatar,QAT,"Percentage of graduates from Social Sciences, Business and Law programmes in tertiary education who are female (%)",SE.TER.GRAD.FE.SS.ZS,69.6696701
Qatar,QAT,"Percentage of graduates from tertiary education graduating from programmes in unspecified fields, both sexes (%)",SE.TER.GRAD.OT.ZS,0
Qatar,QAT,Percentage of graduates from tertiary education who are female (%),SE.TER.GRAD.FE.ZS,62.82600021
Romania,ROU,"Percentage of graduates from Social Sciences, Business and Law programmes in tertiary education who are female (%)",SE.TER.GRAD.FE.SS.ZS,66.51600647
Romania,ROU,"Percentage of graduates from tertiary education graduating from Engineering, Manufacturing and Construction programmes, both sexes (%)",SE.TER.GRAD.EN.ZS,4.841219902
Romania,ROU,"Percentage of graduates from tertiary education graduating from Health and Welfare programmes, both sexes (%)",SE.TER.GRAD.HL.ZS,22.20433998
Romania,ROU,"Percentage of graduates from tertiary education graduating from Humanities and Arts programmes, both sexes (%)",SE.TER.GRAD.HU.ZS,8.598509789
Romania,ROU,"Percentage of graduates from tertiary education graduating from programmes in unspecified fields, both sexes (%)",SE.TER.GRAD.OT.ZS,0
Romania,ROU,"Percentage of graduates from tertiary education graduating from Science programmes, both sexes (%)",SE.TER.GRAD.SC.ZS,26.93613052
Romania,ROU,"Percentage of graduates from tertiary education graduating from Services programmes, both sexes (%)",SE.TER.GRAD.SV.ZS,2.052570105
Romania,ROU,"Percentage of graduates from tertiary education graduating from Social Sciences, Business and Law programmes, both sexes (%)",SE.TER.GRAD.SS.ZS,14.57316971
Romania,ROU,Percentage of graduates from tertiary education who are female (%),SE.TER.GRAD.FE.ZS,58.65354919
Rwanda,RWA,"Percentage of graduates from tertiary education graduating from Engineering, Manufacturing and Construction programmes, both sexes (%)",SE.TER.GRAD.EN.ZS,4.187300205
Rwanda,RWA,"Percentage of graduates from tertiary education graduating from Health and Welfare programmes, both sexes (%)",SE.TER.GRAD.HL.ZS,10.79230976
Rwanda,RWA,"Percentage of graduates from tertiary education graduating from Humanities and Arts programmes, both sexes (%)",SE.TER.GRAD.HU.ZS,1.805999994
Rwanda,RWA,"Percentage of graduates from tertiary education graduating from programmes in unspecified fields, both sexes (%)",SE.TER.GRAD.OT.ZS,0
Rwanda,RWA,"Percentage of graduates from tertiary education graduating from Science programmes, both sexes (%)",SE.TER.GRAD.SC.ZS,0
Rwanda,RWA,"Percentage of graduates from tertiary education graduating from Services programmes, both sexes (%)",SE.TER.GRAD.SV.ZS,4.500440121
Rwanda,RWA,"Percentage of graduates from tertiary education graduating from Social Sciences, Business and Law programmes, both sexes (%)",SE.TER.GRAD.SS.ZS,55.68745041
Rwanda,RWA,Percentage of graduates from tertiary education who are female (%),SE.TER.GRAD.FE.ZS,45.33935165
Saudi Arabia,SAU,"Percentage of graduates from Social Sciences, Business and Law programmes in tertiary education who are female (%)",SE.TER.GRAD.FE.SS.ZS,43.04417038
Saudi Arabia,SAU,"Percentage of graduates from tertiary education graduating from programmes in unspecified fields, both sexes (%)",SE.TER.GRAD.OT.ZS,0
Saudi Arabia,SAU,Percentage of graduates from tertiary education who are female (%),SE.TER.GRAD.FE.ZS,49.54616165
Serbia,SRB,"Percentage of graduates from Social Sciences, Business and Law programmes in tertiary education who are female (%)",SE.TER.GRAD.FE.SS.ZS,59.60327911
Serbia,SRB,"Percentage of graduates from tertiary education graduating from programmes in unspecified fields, both sexes (%)",SE.TER.GRAD.OT.ZS,0
Serbia,SRB,Percentage of graduates from tertiary education who are female (%),SE.TER.GRAD.FE.ZS,57.83787918
Seychelles,SYC,"Percentage of graduates from Social Sciences, Business and Law programmes in tertiary education who are female (%)",SE.TER.GRAD.FE.SS.ZS,83.7036972
Seychelles,SYC,"Percentage of graduates from tertiary education graduating from programmes in unspecified fields, both sexes (%)",SE.TER.GRAD.OT.ZS,0
Seychelles,SYC,"Percentage of graduates from tertiary education graduating from Services programmes, both sexes (%)",SE.TER.GRAD.SV.ZS,0
Seychelles,SYC,Percentage of graduates from tertiary education who are female (%),SE.TER.GRAD.FE.ZS,77.2845993
Sint Maarten (Dutch part),SXM,"Percentage of graduates from Social Sciences, Business and Law programmes in tertiary education who are female (%)",SE.TER.GRAD.FE.SS.ZS,57.89474106
Sint Maarten (Dutch part),SXM,"Percentage of graduates from tertiary education graduating from Health and Welfare programmes, both sexes (%)",SE.TER.GRAD.HL.ZS,0
Sint Maarten (Dutch part),SXM,"Percentage of graduates from tertiary education graduating from programmes in unspecified fields, both sexes (%)",SE.TER.GRAD.OT.ZS,0
Sint Maarten (Dutch part),SXM,"Percentage of graduates from tertiary education graduating from Services programmes, both sexes (%)",SE.TER.GRAD.SV.ZS,0
Sint Maarten (Dutch part),SXM,Percentage of graduates from tertiary education who are female (%),SE.TER.GRAD.FE.ZS,73.33332825
Slovak Republic,SVK,"Percentage of graduates from tertiary education graduating from Engineering, Manufacturing and Construction programmes, both sexes (%)",SE.TER.GRAD.EN.ZS,4.671120167
Slovak Republic,SVK,"Percentage of graduates from tertiary education graduating from Health and Welfare programmes, both sexes (%)",SE.TER.GRAD.HL.ZS,13.22929955
Slovak Republic,SVK,"Percentage of graduates from tertiary education graduating from Humanities and Arts programmes, both sexes (%)",SE.TER.GRAD.HU.ZS,7.174369812
Slovak Republic,SVK,"Percentage of graduates from tertiary education graduating from programmes in unspecified fields, both sexes (%)",SE.TER.GRAD.OT.ZS,0
Slovak Republic,SVK,"Percentage of graduates from tertiary education graduating from Science programmes, both sexes (%)",SE.TER.GRAD.SC.ZS,24.17440033
Slovak Republic,SVK,"Percentage of graduates from tertiary education graduating from Services programmes, both sexes (%)",SE.TER.GRAD.SV.ZS,1.79321003
Slovak Republic,SVK,"Percentage of graduates from tertiary education graduating from Social Sciences, Business and Law programmes, both sexes (%)",SE.TER.GRAD.SS.ZS,9.16699028
Slovak Republic,SVK,Percentage of graduates from tertiary education who are female (%),SE.TER.GRAD.FE.ZS,63.18246078
Slovenia,SVN,"Percentage of graduates from tertiary education graduating from Engineering, Manufacturing and Construction programmes, both sexes (%)",SE.TER.GRAD.EN.ZS,5.996469975
Slovenia,SVN,"Percentage of graduates from tertiary education graduating from Health and Welfare programmes, both sexes (%)",SE.TER.GRAD.HL.ZS,16.57383919
Slovenia,SVN,"Percentage of graduates from tertiary education graduating from Humanities and Arts programmes, both sexes (%)",SE.TER.GRAD.HU.ZS,9.944299698
Slovenia,SVN,"Percentage of graduates from tertiary education graduating from programmes in unspecified fields, both sexes (%)",SE.TER.GRAD.OT.ZS,0
Slovenia,SVN,"Percentage of graduates from tertiary education graduating from Science programmes, both sexes (%)",SE.TER.GRAD.SC.ZS,23.28487968
Slovenia,SVN,"Percentage of graduates from tertiary education graduating from Services programmes, both sexes (%)",SE.TER.GRAD.SV.ZS,3.053930044
Slovenia,SVN,"Percentage of graduates from tertiary education graduating from Social Sciences, Business and Law programmes, both sexes (%)",SE.TER.GRAD.SS.ZS,11.8815403
Slovenia,SVN,Percentage of graduates from tertiary education who are female (%),SE.TER.GRAD.FE.ZS,59.85327911
South Africa,ZAF,"Percentage of graduates from tertiary education graduating from Engineering, Manufacturing and Construction programmes, both sexes (%)",SE.TER.GRAD.EN.ZS,7.479690075
South Africa,ZAF,"Percentage of graduates from tertiary education graduating from Health and Welfare programmes, both sexes (%)",SE.TER.GRAD.HL.ZS,8.670760155
South Africa,ZAF,"Percentage of graduates from tertiary education graduating from Humanities and Arts programmes, both sexes (%)",SE.TER.GRAD.HU.ZS,5.04200983
South Africa,ZAF,"Percentage of graduates from tertiary education graduating from programmes in unspecified fields, both sexes (%)",SE.TER.GRAD.OT.ZS,0.076569997
South Africa,ZAF,"Percentage of graduates from tertiary education graduating from Science programmes, both sexes (%)",SE.TER.GRAD.SC.ZS,32.03717041
South Africa,ZAF,"Percentage of graduates from tertiary education graduating from Services programmes, both sexes (%)",SE.TER.GRAD.SV.ZS,1.967759967
South Africa,ZAF,"Percentage of graduates from tertiary education graduating from Social Sciences, Business and Law programmes, both sexes (%)",SE.TER.GRAD.SS.ZS,15.66252041
South Africa,ZAF,Percentage of graduates from tertiary education who are female (%),SE.TER.GRAD.FE.ZS,60.41756821
Spain,ESP,"Percentage of graduates from Social Sciences, Business and Law programmes in tertiary education who are female (%)",SE.TER.GRAD.FE.SS.ZS,59.54809189
Spain,ESP,"Percentage of graduates from tertiary education graduating from Engineering, Manufacturing and Construction programmes, both sexes (%)",SE.TER.GRAD.EN.ZS,4.440569878
Spain,ESP,"Percentage of graduates from tertiary education graduating from Health and Welfare programmes, both sexes (%)",SE.TER.GRAD.HL.ZS,16.18511009
Spain,ESP,"Percentage of graduates from tertiary education graduating from Humanities and Arts programmes, both sexes (%)",SE.TER.GRAD.HU.ZS,8.794980049
Spain,ESP,"Percentage of graduates from tertiary education graduating from programmes in unspecified fields, both sexes (%)",SE.TER.GRAD.OT.ZS,0
Spain,ESP,"Percentage of graduates from tertiary education graduating from Science programmes, both sexes (%)",SE.TER.GRAD.SC.ZS,19.54566002
Spain,ESP,"Percentage of graduates from tertiary education graduating from Services programmes, both sexes (%)",SE.TER.GRAD.SV.ZS,1.188079953
Spain,ESP,"Percentage of graduates from tertiary education graduating from Social Sciences, Business and Law programmes, both sexes (%)",SE.TER.GRAD.SS.ZS,7.368700027
Spain,ESP,Percentage of graduates from tertiary education who are female (%),SE.TER.GRAD.FE.ZS,56.09164047
Sri Lanka,LKA,"Percentage of graduates from Social Sciences, Business and Law programmes in tertiary education who are female (%)",SE.TER.GRAD.FE.SS.ZS,58.02748108
Sri Lanka,LKA,"Percentage of graduates from tertiary education graduating from programmes in unspecified fields, both sexes (%)",SE.TER.GRAD.OT.ZS,0
Sri Lanka,LKA,Percentage of graduates from tertiary education who are female (%),SE.TER.GRAD.FE.ZS,60.30218887
St. Lucia,LCA,"Percentage of graduates from tertiary education graduating from programmes in unspecified fields, both sexes (%)",SE.TER.GRAD.OT.ZS,0
St. Lucia,LCA,Percentage of graduates from tertiary education who are female (%),SE.TER.GRAD.FE.ZS,64.25061035
Sudan,SDN,Percentage of graduates from tertiary education who are female (%),SE.TER.GRAD.FE.ZS,55.28488159
Switzerland,CHE,"Percentage of graduates from Social Sciences, Business and Law programmes in tertiary education who are female (%)",SE.TER.GRAD.FE.SS.ZS,48.09180069
Switzerland,CHE,"Percentage of graduates from tertiary education graduating from Engineering, Manufacturing and Construction programmes, both sexes (%)",SE.TER.GRAD.EN.ZS,5.687459946
Switzerland,CHE,"Percentage of graduates from tertiary education graduating from Health and Welfare programmes, both sexes (%)",SE.TER.GRAD.HL.ZS,15.29213047
Switzerland,CHE,"Percentage of graduates from tertiary education graduating from Humanities and Arts programmes, both sexes (%)",SE.TER.GRAD.HU.ZS,8.250729561
Switzerland,CHE,"Percentage of graduates from tertiary education graduating from programmes in unspecified fields, both sexes (%)",SE.TER.GRAD.OT.ZS,0.654229999
Switzerland,CHE,"Percentage of graduates from tertiary education graduating from Science programmes, both sexes (%)",SE.TER.GRAD.SC.ZS,29.30496025
Switzerland,CHE,"Percentage of graduates from tertiary education graduating from Services programmes, both sexes (%)",SE.TER.GRAD.SV.ZS,1.342270017
Switzerland,CHE,"Percentage of graduates from tertiary education graduating from Social Sciences, Business and Law programmes, both sexes (%)",SE.TER.GRAD.SS.ZS,6.721869946
Switzerland,CHE,Percentage of graduates from tertiary education who are female (%),SE.TER.GRAD.FE.ZS,48.25772858
Syrian Arab Republic,SYR,Percentage of graduates from tertiary education who are female (%),SE.TER.GRAD.FE.ZS,55.9592514
Tajikistan,TJK,"Percentage of graduates from tertiary education graduating from programmes in unspecified fields, both sexes (%)",SE.TER.GRAD.OT.ZS,0
Tajikistan,TJK,Percentage of graduates from tertiary education who are female (%),SE.TER.GRAD.FE.ZS,38.03359985
Thailand,THA,Percentage of graduates from tertiary education who are female (%),SE.TER.GRAD.FE.ZS,54.3609581
Tunisia,TUN,"Percentage of graduates from Social Sciences, Business and Law programmes in tertiary education who are female (%)",SE.TER.GRAD.FE.SS.ZS,72.35600281
Tunisia,TUN,"Percentage of graduates from tertiary education graduating from programmes in unspecified fields, both sexes (%)",SE.TER.GRAD.OT.ZS,0
Tunisia,TUN,Percentage of graduates from tertiary education who are female (%),SE.TER.GRAD.FE.ZS,65.50541687
Turkey,TUR,"Percentage of graduates from Social Sciences, Business and Law programmes in tertiary education who are female (%)",SE.TER.GRAD.FE.SS.ZS,47.97975159
Turkey,TUR,"Percentage of graduates from tertiary education graduating from Engineering, Manufacturing and Construction programmes, both sexes (%)",SE.TER.GRAD.EN.ZS,4.414259911
Turkey,TUR,"Percentage of graduates from tertiary education graduating from Health and Welfare programmes, both sexes (%)",SE.TER.GRAD.HL.ZS,13.52155018
Turkey,TUR,"Percentage of graduates from tertiary education graduating from Humanities and Arts programmes, both sexes (%)",SE.TER.GRAD.HU.ZS,10.87847042
Turkey,TUR,"Percentage of graduates from tertiary education graduating from programmes in unspecified fields, both sexes (%)",SE.TER.GRAD.OT.ZS,0
Turkey,TUR,"Percentage of graduates from tertiary education graduating from Science programmes, both sexes (%)",SE.TER.GRAD.SC.ZS,38.29335022
Turkey,TUR,"Percentage of graduates from tertiary education graduating from Services programmes, both sexes (%)",SE.TER.GRAD.SV.ZS,2.58307004
Turkey,TUR,"Percentage of graduates from tertiary education graduating from Social Sciences, Business and Law programmes, both sexes (%)",SE.TER.GRAD.SS.ZS,7.26736021
Turkey,TUR,Percentage of graduates from tertiary education who are female (%),SE.TER.GRAD.FE.ZS,49.23960114
Ukraine,UKR,"Percentage of graduates from Social Sciences, Business and Law programmes in tertiary education who are female (%)",SE.TER.GRAD.FE.SS.ZS,63.93624115
Ukraine,UKR,Percentage of graduates from tertiary education who are female (%),SE.TER.GRAD.FE.ZS,54.2988205
United Arab Emirates,ARE,"Percentage of graduates from Social Sciences, Business and Law programmes in tertiary education who are female (%)",SE.TER.GRAD.FE.SS.ZS,44.30651855
United Arab Emirates,ARE,Percentage of graduates from tertiary education who are female (%),SE.TER.GRAD.FE.ZS,51.52172852
United Kingdom,GBR,"Percentage of graduates from Social Sciences, Business and Law programmes in tertiary education who are female (%)",SE.TER.GRAD.FE.SS.ZS,53.21010971
United Kingdom,GBR,"Percentage of graduates from tertiary education graduating from Engineering, Manufacturing and Construction programmes, both sexes (%)",SE.TER.GRAD.EN.ZS,13.27616024
United Kingdom,GBR,"Percentage of graduates from tertiary education graduating from Health and Welfare programmes, both sexes (%)",SE.TER.GRAD.HL.ZS,8.833939552
United Kingdom,GBR,"Percentage of graduates from tertiary education graduating from Humanities and Arts programmes, both sexes (%)",SE.TER.GRAD.HU.ZS,16.25778961
United Kingdom,GBR,"Percentage of graduates from tertiary education graduating from programmes in unspecified fields, both sexes (%)",SE.TER.GRAD.OT.ZS,0.780200005
United Kingdom,GBR,"Percentage of graduates from tertiary education graduating from Science programmes, both sexes (%)",SE.TER.GRAD.SC.ZS,19.97366905
United Kingdom,GBR,"Percentage of graduates from tertiary education graduating from Services programmes, both sexes (%)",SE.TER.GRAD.SV.ZS,0.934019983
United Kingdom,GBR,"Percentage of graduates from tertiary education graduating from Social Sciences, Business and Law programmes, both sexes (%)",SE.TER.GRAD.SS.ZS,9.872699738
United Kingdom,GBR,Percentage of graduates from tertiary education who are female (%),SE.TER.GRAD.FE.ZS,57.11777878
United States,USA,"Percentage of graduates from Social Sciences, Business and Law programmes in tertiary education who are female (%)",SE.TER.GRAD.FE.SS.ZS,55.83739853
United States,USA,"Percentage of graduates from tertiary education graduating from Engineering, Manufacturing and Construction programmes, both sexes (%)",SE.TER.GRAD.EN.ZS,5.582600117
United States,USA,"Percentage of graduates from tertiary education graduating from Health and Welfare programmes, both sexes (%)",SE.TER.GRAD.HL.ZS,7.041900158
United States,USA,"Percentage of graduates from tertiary education graduating from Humanities and Arts programmes, both sexes (%)",SE.TER.GRAD.HU.ZS,20.89216995
United States,USA,"Percentage of graduates from tertiary education graduating from programmes in unspecified fields, both sexes (%)",SE.TER.GRAD.OT.ZS,0
United States,USA,"Percentage of graduates from tertiary education graduating from Science programmes, both sexes (%)",SE.TER.GRAD.SC.ZS,19.80521011
United States,USA,"Percentage of graduates from tertiary education graduating from Services programmes, both sexes (%)",SE.TER.GRAD.SV.ZS,0.905179977
United States,USA,"Percentage of graduates from tertiary education graduating from Social Sciences, Business and Law programmes, both sexes (%)",SE.TER.GRAD.SS.ZS,12.28351974
United States,USA,Percentage of graduates from tertiary education who are female (%),SE.TER.GRAD.FE.ZS,58.4307518
Uzbekistan,UZB,"Percentage of graduates from tertiary education graduating from programmes in unspecified fields, both sexes (%)",SE.TER.GRAD.OT.ZS,0
Uzbekistan,UZB,Percentage of graduates from tertiary education who are female (%),SE.TER.GRAD.FE.ZS,33.48188019
Vietnam,VNM,"Percentage of graduates from Social Sciences, Business and Law programmes in tertiary education who are female (%)",SE.TER.GRAD.FE.SS.ZS,55.65130997
Vietnam,VNM,"Percentage of graduates from tertiary education graduating from programmes in unspecified fields, both sexes (%)",SE.TER.GRAD.OT.ZS,0
Vietnam,VNM,Percentage of graduates from tertiary education who are female (%),SE.TER.GRAD.FE.ZS,49.72742081
West Bank and Gaza,PSE,"Percentage of graduates from Social Sciences, Business and Law programmes in tertiary education who are female (%)",SE.TER.GRAD.FE.SS.ZS,51.06464005
West Bank and Gaza,PSE,Percentage of graduates from tertiary education who are female (%),SE.TER.GRAD.FE.ZS,60.41249084